day,plant-id,total_fresh_weight_g,baseline_g,carbon_dioxide,temp_env,humidity,pressure,electrical_conductivity,volume,temp_nutr,volume_flow_rate
0.0,6.0,29.1,25.22,461.25,22.528333333333332,62.39416666666667,98838.43916666666,1300.625,1010.2779166666666,23.83520833333333,1.16
0.0,4.0,29.3,25.22,461.25,22.528333333333332,62.39416666666667,98838.43916666666,1300.625,1010.2779166666666,23.83520833333333,1.16
0.0,9.0,29.6,25.22,461.25,22.528333333333332,62.39416666666667,98838.43916666666,1300.625,1010.2779166666666,23.83520833333333,1.16
0.0,1.0,29.7,25.22,461.25,22.528333333333332,62.39416666666667,98838.43916666666,1300.625,1010.2779166666666,23.83520833333333,1.16
0.0,8.0,29.8,25.22,461.25,22.528333333333332,62.39416666666667,98838.43916666666,1300.625,1010.2779166666666,23.83520833333333,1.16
0.0,2.0,30.1,25.22,461.25,22.528333333333332,62.39416666666667,98838.43916666666,1300.625,1010.2779166666666,23.83520833333333,1.16
0.0,5.0,30.2,25.22,461.25,22.528333333333332,62.39416666666667,98838.43916666666,1300.625,1010.2779166666666,23.83520833333333,1.16
0.0,7.0,30.4,25.22,461.25,22.528333333333332,62.39416666666667,98838.43916666666,1300.625,1010.2779166666666,23.83520833333333,1.16
0.0,10.0,31.1,25.22,461.25,22.528333333333332,62.39416666666667,98838.43916666666,1300.625,1010.2779166666666,23.83520833333333,1.16
0.0,3.0,31.8,25.22,461.25,22.528333333333332,62.39416666666667,98838.43916666666,1300.625,1010.2779166666666,23.83520833333333,1.16
4.0,6.0,33.1,25.22,487.0,22.42571428571429,62.214081632653055,99060.37448979591,1361.0102040816328,5132.698163265306,23.987102040816325,1.157142857142857
4.0,2.0,36.3,25.22,487.0,22.42571428571429,62.214081632653055,99060.37448979591,1361.0102040816328,5132.698163265306,23.987102040816325,1.157142857142857
4.0,8.0,36.5,25.22,487.0,22.42571428571429,62.214081632653055,99060.37448979591,1361.0102040816328,5132.698163265306,23.987102040816325,1.157142857142857
4.0,9.0,36.9,25.22,487.0,22.42571428571429,62.214081632653055,99060.37448979591,1361.0102040816328,5132.698163265306,23.987102040816325,1.157142857142857
4.0,1.0,38.1,25.22,487.0,22.42571428571429,62.214081632653055,99060.37448979591,1361.0102040816328,5132.698163265306,23.987102040816325,1.157142857142857
4.0,5.0,38.5,25.22,487.0,22.42571428571429,62.214081632653055,99060.37448979591,1361.0102040816328,5132.698163265306,23.987102040816325,1.157142857142857
4.0,4.0,39.2,25.22,487.0,22.42571428571429,62.214081632653055,99060.37448979591,1361.0102040816328,5132.698163265306,23.987102040816325,1.157142857142857
4.0,7.0,39.2,25.22,487.0,22.42571428571429,62.214081632653055,99060.37448979591,1361.0102040816328,5132.698163265306,23.987102040816325,1.157142857142857
4.0,10.0,39.9,25.22,487.0,22.42571428571429,62.214081632653055,99060.37448979591,1361.0102040816328,5132.698163265306,23.987102040816325,1.157142857142857
4.0,3.0,42.1,25.22,487.0,22.42571428571429,62.214081632653055,99060.37448979591,1361.0102040816328,5132.698163265306,23.987102040816325,1.157142857142857
8.0,6.0,40.1,25.22,514.0510204081633,22.52081632653061,65.24734693877551,99282.51163265307,1521.8163265306123,11551.277959183673,25.308836734693877,1.0875510204081633
8.0,2.0,43.4,25.22,514.0510204081633,22.52081632653061,65.24734693877551,99282.51163265307,1521.8163265306123,11551.277959183673,25.308836734693877,1.0875510204081633
8.0,8.0,43.6,25.22,514.0510204081633,22.52081632653061,65.24734693877551,99282.51163265307,1521.8163265306123,11551.277959183673,25.308836734693877,1.0875510204081633
8.0,1.0,44.3,25.22,514.0510204081633,22.52081632653061,65.24734693877551,99282.51163265307,1521.8163265306123,11551.277959183673,25.308836734693877,1.0875510204081633
8.0,6.0,45.0,25.22,514.0510204081633,22.52081632653061,65.24734693877551,99282.51163265307,1521.8163265306123,11551.277959183673,25.308836734693877,1.0875510204081633
8.0,5.0,45.1,25.22,514.0510204081633,22.52081632653061,65.24734693877551,99282.51163265307,1521.8163265306123,11551.277959183673,25.308836734693877,1.0875510204081633
8.0,4.0,46.0,25.22,514.0510204081633,22.52081632653061,65.24734693877551,99282.51163265307,1521.8163265306123,11551.277959183673,25.308836734693877,1.0875510204081633
8.0,7.0,46.2,25.22,514.0510204081633,22.52081632653061,65.24734693877551,99282.51163265307,1521.8163265306123,11551.277959183673,25.308836734693877,1.0875510204081633
8.0,9.0,46.8,25.22,514.0510204081633,22.52081632653061,65.24734693877551,99282.51163265307,1521.8163265306123,11551.277959183673,25.308836734693877,1.0875510204081633
8.0,3.0,49.2,25.22,514.0510204081633,22.52081632653061,65.24734693877551,99282.51163265307,1521.8163265306123,11551.277959183673,25.308836734693877,1.0875510204081633
12.0,6.0,47.0,25.22,503.6938775510204,21.76469387755102,62.32775510204082,99235.89408163265,1551.6224489795918,17751.971224489796,24.544540816326528,1.0871428571428572
12.0,5.0,51.0,25.22,503.6938775510204,21.76469387755102,62.32775510204082,99235.89408163265,1551.6224489795918,17751.971224489796,24.544540816326528,1.0871428571428572
12.0,1.0,52.0,25.22,503.6938775510204,21.76469387755102,62.32775510204082,99235.89408163265,1551.6224489795918,17751.971224489796,24.544540816326528,1.0871428571428572
12.0,8.0,52.0,25.22,503.6938775510204,21.76469387755102,62.32775510204082,99235.89408163265,1551.6224489795918,17751.971224489796,24.544540816326528,1.0871428571428572
12.0,7.0,52.0,25.22,503.6938775510204,21.76469387755102,62.32775510204082,99235.89408163265,1551.6224489795918,17751.971224489796,24.544540816326528,1.0871428571428572
12.0,2.0,53.0,25.22,503.6938775510204,21.76469387755102,62.32775510204082,99235.89408163265,1551.6224489795918,17751.971224489796,24.544540816326528,1.0871428571428572
12.0,9.0,53.0,25.22,503.6938775510204,21.76469387755102,62.32775510204082,99235.89408163265,1551.6224489795918,17751.971224489796,24.544540816326528,1.0871428571428572
12.0,4.0,55.0,25.22,503.6938775510204,21.76469387755102,62.32775510204082,99235.89408163265,1551.6224489795918,17751.971224489796,24.544540816326528,1.0871428571428572
12.0,10.0,55.0,25.22,503.6938775510204,21.76469387755102,62.32775510204082,99235.89408163265,1551.6224489795918,17751.971224489796,24.544540816326528,1.0871428571428572
12.0,3.0,58.0,25.22,503.6938775510204,21.76469387755102,62.32775510204082,99235.89408163265,1551.6224489795918,17751.971224489796,24.544540816326528,1.0871428571428572
16.0,6.0,61.0,25.22,496.81632653061223,22.316326530612244,53.72591836734694,99111.63836734694,1699.3877551020407,24206.932142857142,25.323561224489794,1.1591836734693877
16.0,5.0,62.0,25.22,496.81632653061223,22.316326530612244,53.72591836734694,99111.63836734694,1699.3877551020407,24206.932142857142,25.323561224489794,1.1591836734693877
16.0,1.0,66.0,25.22,496.81632653061223,22.316326530612244,53.72591836734694,99111.63836734694,1699.3877551020407,24206.932142857142,25.323561224489794,1.1591836734693877
16.0,7.0,66.0,25.22,496.81632653061223,22.316326530612244,53.72591836734694,99111.63836734694,1699.3877551020407,24206.932142857142,25.323561224489794,1.1591836734693877
16.0,9.0,67.0,25.22,496.81632653061223,22.316326530612244,53.72591836734694,99111.63836734694,1699.3877551020407,24206.932142857142,25.323561224489794,1.1591836734693877
16.0,8.0,68.0,25.22,496.81632653061223,22.316326530612244,53.72591836734694,99111.63836734694,1699.3877551020407,24206.932142857142,25.323561224489794,1.1591836734693877
16.0,2.0,71.0,25.22,496.81632653061223,22.316326530612244,53.72591836734694,99111.63836734694,1699.3877551020407,24206.932142857142,25.323561224489794,1.1591836734693877
16.0,3.0,75.0,25.22,496.81632653061223,22.316326530612244,53.72591836734694,99111.63836734694,1699.3877551020407,24206.932142857142,25.323561224489794,1.1591836734693877
16.0,4.0,76.0,25.22,496.81632653061223,22.316326530612244,53.72591836734694,99111.63836734694,1699.3877551020407,24206.932142857142,25.323561224489794,1.1591836734693877
16.0,10.0,70.0,25.22,496.81632653061223,22.316326530612244,53.72591836734694,99111.63836734694,1699.3877551020407,24206.932142857142,25.323561224489794,1.1591836734693877
20.0,5.0,91.0,25.22,532.3571428571429,22.804489795918368,52.37285714285714,99187.10367346939,1668.8775510204082,19444.102448979593,23.34933673469388,1.1543877551020407
20.0,6.0,95.0,25.22,532.3571428571429,22.804489795918368,52.37285714285714,99187.10367346939,1668.8775510204082,19444.102448979593,23.34933673469388,1.1543877551020407
20.0,7.0,102.0,25.22,532.3571428571429,22.804489795918368,52.37285714285714,99187.10367346939,1668.8775510204082,19444.102448979593,23.34933673469388,1.1543877551020407
20.0,8.0,104.0,25.22,532.3571428571429,22.804489795918368,52.37285714285714,99187.10367346939,1668.8775510204082,19444.102448979593,23.34933673469388,1.1543877551020407
20.0,1.0,104.0,25.22,532.3571428571429,22.804489795918368,52.37285714285714,99187.10367346939,1668.8775510204082,19444.102448979593,23.34933673469388,1.1543877551020407
20.0,10.0,108.0,25.22,532.3571428571429,22.804489795918368,52.37285714285714,99187.10367346939,1668.8775510204082,19444.102448979593,23.34933673469388,1.1543877551020407
20.0,9.0,109.0,25.22,532.3571428571429,22.804489795918368,52.37285714285714,99187.10367346939,1668.8775510204082,19444.102448979593,23.34933673469388,1.1543877551020407
20.0,2.0,115.0,25.22,532.3571428571429,22.804489795918368,52.37285714285714,99187.10367346939,1668.8775510204082,19444.102448979593,23.34933673469388,1.1543877551020407
20.0,4.0,117.0,25.22,532.3571428571429,22.804489795918368,52.37285714285714,99187.10367346939,1668.8775510204082,19444.102448979593,23.34933673469388,1.1543877551020407
20.0,3.0,119.0,25.22,532.3571428571429,22.804489795918368,52.37285714285714,99187.10367346939,1668.8775510204082,19444.102448979593,23.34933673469388,1.1543877551020407
24.0,5.0,149.0,25.22,500.3265306122449,22.005102040816325,67.33326530612244,99373.72,2112.9591836734694,2358.132448979592,25.973663265306122,1.0820408163265305
24.0,6.0,151.0,25.22,500.3265306122449,22.005102040816325,67.33326530612244,99373.72,2112.9591836734694,2358.132448979592,25.973663265306122,1.0820408163265305
24.0,7.0,161.0,25.22,500.3265306122449,22.005102040816325,67.33326530612244,99373.72,2112.9591836734694,2358.132448979592,25.973663265306122,1.0820408163265305
24.0,1.0,161.0,25.22,500.3265306122449,22.005102040816325,67.33326530612244,99373.72,2112.9591836734694,2358.132448979592,25.973663265306122,1.0820408163265305
24.0,8.0,163.0,25.22,500.3265306122449,22.005102040816325,67.33326530612244,99373.72,2112.9591836734694,2358.132448979592,25.973663265306122,1.0820408163265305
24.0,4.0,166.0,25.22,500.3265306122449,22.005102040816325,67.33326530612244,99373.72,2112.9591836734694,2358.132448979592,25.973663265306122,1.0820408163265305
24.0,10.0,167.0,25.22,500.3265306122449,22.005102040816325,67.33326530612244,99373.72,2112.9591836734694,2358.132448979592,25.973663265306122,1.0820408163265305
24.0,9.0,178.0,25.22,500.3265306122449,22.005102040816325,67.33326530612244,99373.72,2112.9591836734694,2358.132448979592,25.973663265306122,1.0820408163265305
24.0,2.0,179.0,25.22,500.3265306122449,22.005102040816325,67.33326530612244,99373.72,2112.9591836734694,2358.132448979592,25.973663265306122,1.0820408163265305
24.0,3.0,183.0,25.22,500.3265306122449,22.005102040816325,67.33326530612244,99373.72,2112.9591836734694,2358.132448979592,25.973663265306122,1.0820408163265305
28.0,5.0,211.0,25.22,511.53061224489795,22.304285714285715,71.8595918367347,99342.58734693879,1943.295918367347,550.1763265306122,26.92828571428571,0.21367346938775508
28.0,6.0,221.0,25.22,511.53061224489795,22.304285714285715,71.8595918367347,99342.58734693879,1943.295918367347,550.1763265306122,26.92828571428571,0.21367346938775508
28.0,1.0,239.0,25.22,511.53061224489795,22.304285714285715,71.8595918367347,99342.58734693879,1943.295918367347,550.1763265306122,26.92828571428571,0.21367346938775508
28.0,8.0,240.0,25.22,511.53061224489795,22.304285714285715,71.8595918367347,99342.58734693879,1943.295918367347,550.1763265306122,26.92828571428571,0.21367346938775508
28.0,7.0,244.0,25.22,511.53061224489795,22.304285714285715,71.8595918367347,99342.58734693879,1943.295918367347,550.1763265306122,26.92828571428571,0.21367346938775508
28.0,10.0,246.0,25.22,511.53061224489795,22.304285714285715,71.8595918367347,99342.58734693879,1943.295918367347,550.1763265306122,26.92828571428571,0.21367346938775508
28.0,4.0,246.0,25.22,511.53061224489795,22.304285714285715,71.8595918367347,99342.58734693879,1943.295918367347,550.1763265306122,26.92828571428571,0.21367346938775508
28.0,9.0,248.0,25.22,511.53061224489795,22.304285714285715,71.8595918367347,99342.58734693879,1943.295918367347,550.1763265306122,26.92828571428571,0.21367346938775508
28.0,2.0,243.0,25.22,511.53061224489795,22.304285714285715,71.8595918367347,99342.58734693879,1943.295918367347,550.1763265306122,26.92828571428571,0.21367346938775508
28.0,3.0,258.0,25.22,511.53061224489795,22.304285714285715,71.8595918367347,99342.58734693879,1943.295918367347,550.1763265306122,26.92828571428571,0.21367346938775508
